Workbook

Sheet Median MGCs
C2: BHI | D2: LB | E2: MAFr | F2: MAGly | G2: MAG-Na | H2: MG | I2: MAGN | J2: MAG | K2: MAGV | L2: MAGVN | M2: RPMI
B3: SMX | C3: =MEDIAN('MGCs each plate'!C3:E3) -> 1000 | D3: =MEDIAN('MGCs each plate'!F3:H3) -> 93.75 | E3: =MEDIAN('MGCs each plate'!I3:K3) -> 2.9296875 | F3: =MEDIAN('MGCs each plate'!L3:N3) -> 2.9296875 | G3: =MEDIAN('MGCs each plate'!O3:Q3) -> 3.90625 | H3: =MEDIAN('MGCs each plate'!R3:T3) -> 0.24414062 | I3: =MEDIAN('MGCs each plate'!U3:W3) -> 1.953125 | J3: =MEDIAN('MGCs each plate'!X3:Z3) -> 2.9296875 | K3: =MEDIAN('MGCs each plate'!AA3:AB3) -> 11.71875 | L3: =MEDIAN('MGCs each plate'!AD3:AF3) -> 1000 | M3: =MEDIAN('MGCs each plate'!AG3:AI3) -> 250
B4: TMP | C4: =MEDIAN('MGCs each plate'!C4:E4) -> 0.703125 | D4: =MEDIAN('MGCs each plate'!F4:H4) -> 0.46875 | E4: =MEDIAN('MGCs each plate'!I4:K4) -> 2.8125 | F4: =MEDIAN('MGCs each plate'!L4:N4) -> 1.40625 | G4: =MEDIAN('MGCs each plate'!O4:Q4) -> 1.875 | H4: =MEDIAN('MGCs each plate'!R4:T4) -> 0.46875 | I4: =MEDIAN('MGCs each plate'!U4:W4) -> 0.46875 | J4: =MEDIAN('MGCs each plate'!X4:Z4) -> 1.40625 | K4: =MEDIAN('MGCs each plate'!AA4:AB4) -> 1.875 | L4: =MEDIAN('MGCs each plate'!AD4:AF4) -> 0.46875 | M4: =MEDIAN('MGCs each plate'!AG4:AI4) -> 0.9375
B5: TMP/SMX | C5: =MEDIAN('MGCs each plate'!C5:E5) -> 0.3125 | D5: =MEDIAN('MGCs each plate'!F5:H5) -> 0.15625 | E5: =MEDIAN('MGCs each plate'!I5:K5) -> 0.0390625 | F5: =MEDIAN('MGCs each plate'!L5:N5) -> 0.078125 | G5: =MEDIAN('MGCs each plate'!O5:Q5) -> 0.078125 | H5: =MEDIAN('MGCs each plate'!R5:T5) -> 0.009765625 | I5: =MEDIAN('MGCs each plate'!U5:W5) -> 0.01953125 | J5: =MEDIAN('MGCs each plate'!X5:Z5) -> 0.0390625 | K5: =MEDIAN('MGCs each plate'!AA5:AB5) -> 0.078125 | L5: =MEDIAN('MGCs each plate'!AD5:AF5) -> 0.078125 | M5: =MEDIAN('MGCs each plate'!AG5:AI5) -> 0.3125
B6: PYR | C6: =MEDIAN('MGCs each plate'!C6:E6) -> 400 | D6: =MEDIAN('MGCs each plate'!F6:H6) -> 300 | E6: =MEDIAN('MGCs each plate'!I6:K6) -> 400 | F6: =MEDIAN('MGCs each plate'!L6:N6) -> 400 | G6: =MEDIAN('MGCs each plate'!O6:Q6) -> 400 | H6: =MEDIAN('MGCs each plate'!R6:T6) -> 400 | I6: =MEDIAN('MGCs each plate'!U6:W6) -> 400 | J6: =MEDIAN('MGCs each plate'!X6:Z6) -> 400 | K6: =MEDIAN('MGCs each plate'!AA6:AB6) -> 400 | L6: =MEDIAN('MGCs each plate'!AD6:AF6) -> 400 | M6: =MEDIAN('MGCs each plate'!AG6:AI6) -> 400
B7: SD | C7: =MEDIAN('MGCs each plate'!C7:E7) -> 750 | D7: =MEDIAN('MGCs each plate'!F7:H7) -> 750 | E7: =MEDIAN('MGCs each plate'!I7:K7) -> 17.578125 | F7: =MEDIAN('MGCs each plate'!L7:N7) -> 8.7890625 | G7: =MEDIAN('MGCs each plate'!O7:Q7) -> 11.71875 | H7: =MEDIAN('MGCs each plate'!R7:T7) -> 0.73242188 | I7: =MEDIAN('MGCs each plate'!U7:W7) -> 5.859375 | J7: =MEDIAN('MGCs each plate'!X7:Z7) -> 11.71875 | K7: =MEDIAN('MGCs each plate'!AA7:AB7) -> 52.734375 | L7: =MEDIAN('MGCs each plate'!AD7:AF7) -> 750 | M7: =MEDIAN('MGCs each plate'!AG7:AI7) -> 750
B8: SPY | C8: =MEDIAN('MGCs each plate'!C8:E8) -> 750 | D8: =MEDIAN('MGCs each plate'!F8:H8) -> 750 | E8: =MEDIAN('MGCs each plate'!I8:K8) -> 23.4375 | F8: =MEDIAN('MGCs each plate'!L8:N8) -> 17.578125 | G8: =MEDIAN('MGCs each plate'!O8:Q8) -> 5.859375 | H8: =MEDIAN('MGCs each plate'!R8:T8) -> 2.1972656 | I8: =MEDIAN('MGCs each plate'!U8:W8) -> 11.71875 | J8: =MEDIAN('MGCs each plate'!X8:Z8) -> 17.578125 | K8: =MEDIAN('MGCs each plate'!AA8:AB8) -> 140.625 | L8: =MEDIAN('MGCs each plate'!AD8:AF8) -> 750 | M8: =MEDIAN('MGCs each plate'!AG8:AI8) -> 375
B9: SMM | C9: =MEDIAN('MGCs each plate'!C9:E9) -> 500 | D9: =MEDIAN('MGCs each plate'!F9:H9) -> 375 | E9: =MEDIAN('MGCs each plate'!I9:K9) -> 2.9296875 | F9: =MEDIAN('MGCs each plate'!L9:N9) -> 1.4648438 | G9: =MEDIAN('MGCs each plate'!O9:Q9) -> 2.9296875 | H9: =MEDIAN('MGCs each plate'!R9:T9) -> 0.18310547 | I9: =MEDIAN('MGCs each plate'!U9:W9) -> 0.9765625 | J9: =MEDIAN('MGCs each plate'!X9:Z9) -> 3.90625 | K9: =MEDIAN('MGCs each plate'!AA9:AB9) -> 17.578125 | L9: =MEDIAN('MGCs each plate'!AD9:AF9) -> 375 | M9: =MEDIAN('MGCs each plate'!AG9:AI9) -> 125
B12: Median of MGCs calculated across each plate as shown in tab 'MGCs each plate'
B13: Showing only TMP value for TMP/SMX for simplicity.
B15: Across all tabs, blacked out values are values removed from consideration due to mistake with experiment execution.

Sheet MGCs each plate
B1: Media | C1: BHI | F1: LB | I1: M9 fruc | L1: M9 glyc | O1: M9 NaHCO3 | R1: M9 no aa | U1: M9 nuc | X1: M9 std | AA1: M9 vit | AD1: M9 vit nuc | AG1: RPMI
B2: Plate | C2: 1 | D2: 2 | E2: 3 | F2: 1 | G2: 2 | H2: 3 | I2: 1 | J2: 2 | K2: 3 | L2: 1 | M2: 2 | N2: 3 | O2: 1 | P2: 2 | Q2: 3 | R2: 1 | S2: 2 | T2: 3 | U2: 1 | V2: 2 | W2: 3 | X2: 1 | Y2: 2 | Z2: 3 | AA2: 1 | AB2: 2 | AC2: 3 | AD2: 1 | AE2: 2 | AF2: 3 | AG2: 1 | AH2: 2 | AI2: 3
B3: SMX | C3: {=IF( MOD('Well calls each plate'!C3,1)=0, INDIRECT("'Plate map key'!"&ADDRESS(ROW(),'Well calls each plate'!C3+3)), AVERAGE( INDIRECT("'Plate map key'!"&ADDRESS(ROW(),TRUNC('Well calls each plate'!C3)+3)), INDIRECT("'Plate map key'!"&ADDRESS(ROW(),TRUNC('Well calls each plate'!C3)+4))) )} -> 1000 | D3: {=IF( MOD('Well calls each plate'!D3,1)=0, INDIRECT("'Plate map key'!"&ADDRESS(ROW(),'Well calls each plate'!D3+3)), AVERAGE( INDIRECT("'Plate map key'!"&ADDRESS(ROW(),TRUNC('Well calls each plate'!D3)+3)), INDIRECT("'Plate map key'!"&ADDRESS(ROW(),TRUNC('Well calls each plate'!D3)+4))) )} -> 1000 | E3: {=IF( MOD('Well calls each plate'!E3,1)=0, INDIRECT("'Plate map key'!"&ADDRESS(ROW(),'Well calls each plate'!E3+3)), AVERAGE( INDIRECT("'Plate map key'!"&ADDRESS(ROW(),TRUNC('Well calls each plate'!E3)+3)), INDIRECT("'Plate map key'!"&ADDRESS(ROW(),TRUNC('Well calls each plate'!E3)+4))) )} -> 1000 | F3: {=IF( MOD('Well calls each plate'!F3,1)=0, INDIRECT("'Plate map key'!"&ADDRESS(ROW(),'Well calls each plate'!F3+3)), AVERAGE( INDIRECT("'Plate map key'!"&ADDRESS(ROW(),TRUNC('Well calls each plate'!F3)+3)), INDIRECT("'Plate map key'!"&ADDRESS(ROW(),TRUNC('Well calls each plate'!F3)+4))) )} -> 93.75 | G3: {=IF( MOD('Well calls each plate'!G3,1)=0, INDIRECT("'Plate map key'!"&ADDRESS(ROW(),'Well calls each plate'!G3+3)), AVERAGE( INDIRECT("'Plate map key'!"&ADDRESS(ROW(),TRUNC('Well calls each plate'!G3)+3)), INDIRECT("'Plate map key'!"&ADDRESS(ROW(),TRUNC('Well calls each plate'!G3)+4))) )} -> 93.75 | H3: {=IF( MOD('Well calls each plate'!H3,1)=0, INDIRECT("'Plate map key'!"&ADDRESS(ROW(),'Well calls each plate'!H3+3)), AVERAGE( INDIRECT("'Plate map key'!"&ADDRESS(ROW(),TRUNC('Well calls each plate'!H3)+3)), INDIRECT("'Plate map key'!"&ADDRESS(ROW(),TRUNC('Well calls each plate'!H3)+4))) )} -> 93.75 | I3: {=IF( MOD('Well calls each plate'!I3,1)=0, INDIRECT("'Plate map key'!"&ADDRESS(ROW(),'Well calls each plate'!I3+3)), AVERAGE( INDIRECT("'Plate map key'!"&ADDRESS(ROW(),TRUNC('Well calls each plate'!I3)+3)), INDIRECT("'Plate map key'!"&ADDRESS(ROW(),TRUNC('Well calls each plate'!I3)+4))) )} -> 2.9296875 | J3: {=IF( MOD('Well calls each plate'!J3,1)=0, INDIRECT("'Plate map key'!"&ADDRESS(ROW(),'Well calls each plate'!J3+3)), AVERAGE( INDIRECT("'Plate map key'!"&ADDRESS(ROW(),TRUNC('Well calls each plate'!J3)+3)), INDIRECT("'Plate map key'!"&ADDRESS(ROW(),TRUNC('Well calls each plate'!J3)+4))) )} -> 2.9296875 | ... AI3: {=IF( MOD('Well calls each plate'!AI3,1)=0, INDIRECT("'Plate map key'!"&ADDRESS(ROW(),'Well calls each plate'!AI3+3)), AVERAGE( INDIRECT("'Plate map key'!"&ADDRESS(ROW(),TRUNC('Well calls each plate'!AI3)+3)), INDIRECT("'Plate map key'!"&ADDRESS(ROW(),TRUNC('Well calls each plate'!AI3)+4))) )} -> 250
B4: TMP | C4: {=IF( MOD('Well calls each plate'!C4,1)=0, INDIRECT("'Plate map key'!"&ADDRESS(ROW(),'Well calls each plate'!C4+3)), AVERAGE( INDIRECT("'Plate map key'!"&ADDRESS(ROW(),TRUNC('Well calls each plate'!C4)+3)), INDIRECT("'Plate map key'!"&ADDRESS(ROW(),TRUNC('Well calls each plate'!C4)+4))) )} -> 0.46875 | D4: {=IF( MOD('Well calls each plate'!D4,1)=0, INDIRECT("'Plate map key'!"&ADDRESS(ROW(),'Well calls each plate'!D4+3)), AVERAGE( INDIRECT("'Plate map key'!"&ADDRESS(ROW(),TRUNC('Well calls each plate'!D4)+3)), INDIRECT("'Plate map key'!"&ADDRESS(ROW(),TRUNC('Well calls each plate'!D4)+4))) )} -> 0.703125 | E4: {=IF( MOD('Well calls each plate'!E4,1)=0, INDIRECT("'Plate map key'!"&ADDRESS(ROW(),'Well calls each plate'!E4+3)), AVERAGE( INDIRECT("'Plate map key'!"&ADDRESS(ROW(),TRUNC('Well calls each plate'!E4)+3)), INDIRECT("'Plate map key'!"&ADDRESS(ROW(),TRUNC('Well calls each plate'!E4)+4))) )} -> 0.703125 | F4: {=IF( MOD('Well calls each plate'!F4,1)=0, INDIRECT("'Plate map key'!"&ADDRESS(ROW(),'Well calls each plate'!F4+3)), AVERAGE( INDIRECT("'Plate map key'!"&ADDRESS(ROW(),TRUNC('Well calls each plate'!F4)+3)), INDIRECT("'Plate map key'!"&ADDRESS(ROW(),TRUNC('Well calls each plate'!F4)+4))) )} -> 0.46875 | G4: {=IF( MOD('Well calls each plate'!G4,1)=0, INDIRECT("'Plate map key'!"&ADDRESS(ROW(),'Well calls each plate'!G4+3)), AVERAGE( INDIRECT("'Plate map key'!"&ADDRESS(ROW(),TRUNC('Well calls each plate'!G4)+3)), INDIRECT("'Plate map key'!"&ADDRESS(ROW(),TRUNC('Well calls each plate'!G4)+4))) )} -> 0.46875 | H4: {=IF( MOD('Well calls each plate'!H4,1)=0, INDIRECT("'Plate map key'!"&ADDRESS(ROW(),'Well calls each plate'!H4+3)), AVERAGE( INDIRECT("'Plate map key'!"&ADDRESS(ROW(),TRUNC('Well calls each plate'!H4)+3)), INDIRECT("'Plate map key'!"&ADDRESS(ROW(),TRUNC('Well calls each plate'!H4)+4))) )} -> 0.46875 | I4: {=IF( MOD('Well calls each plate'!I4,1)=0, INDIRECT("'Plate map key'!"&ADDRESS(ROW(),'Well calls each plate'!I4+3)), AVERAGE( INDIRECT("'Plate map key'!"&ADDRESS(ROW(),TRUNC('Well calls each plate'!I4)+3)), INDIRECT("'Plate map key'!"&ADDRESS(ROW(),TRUNC('Well calls each plate'!I4)+4))) )} -> 2.8125 | J4: {=IF( MOD('Well calls each plate'!J4,1)=0, INDIRECT("'Plate map key'!"&ADDRESS(ROW(),'Well calls each plate'!J4+3)), AVERAGE( INDIRECT("'Plate map key'!"&ADDRESS(ROW(),TRUNC('Well calls each plate'!J4)+3)), INDIRECT("'Plate map key'!"&ADDRESS(ROW(),TRUNC('Well calls each plate'!J4)+4))) )} -> B | ... AI4: {=IF( MOD('Well calls each plate'!AI4,1)=0, INDIRECT("'Plate map key'!"&ADDRESS(ROW(),'Well calls each plate'!AI4+3)), AVERAGE( INDIRECT("'Plate map key'!"&ADDRESS(ROW(),TRUNC('Well calls each plate'!AI4)+3)), INDIRECT("'Plate map key'!"&ADDRESS(ROW(),TRUNC('Well calls each plate'!AI4)+4))) )} -> 0.9375
B5: SMX/TMP | C5: {=IF( MOD('Well calls each plate'!C5,1)=0, INDIRECT("'Plate map key'!"&ADDRESS(ROW(),'Well calls each plate'!C5+3)), AVERAGE( INDIRECT("'Plate map key'!"&ADDRESS(ROW(),TRUNC('Well calls each plate'!C5)+3)), INDIRECT("'Plate map key'!"&ADDRESS(ROW(),TRUNC('Well calls each plate'!C5)+4))) )} -> 0.3125 | D5: {=IF( MOD('Well calls each plate'!D5,1)=0, INDIRECT("'Plate map key'!"&ADDRESS(ROW(),'Well calls each plate'!D5+3)), AVERAGE( INDIRECT("'Plate map key'!"&ADDRESS(ROW(),TRUNC('Well calls each plate'!D5)+3)), INDIRECT("'Plate map key'!"&ADDRESS(ROW(),TRUNC('Well calls each plate'!D5)+4))) )} -> 0.3125 | E5: {=IF( MOD('Well calls each plate'!E5,1)=0, INDIRECT("'Plate map key'!"&ADDRESS(ROW(),'Well calls each plate'!E5+3)), AVERAGE( INDIRECT("'Plate map key'!"&ADDRESS(ROW(),TRUNC('Well calls each plate'!E5)+3)), INDIRECT("'Plate map key'!"&ADDRESS(ROW(),TRUNC('Well calls each plate'!E5)+4))) )} -> 0.3125 | F5: {=IF( MOD('Well calls each plate'!F5,1)=0, INDIRECT("'Plate map key'!"&ADDRESS(ROW(),'Well calls each plate'!F5+3)), AVERAGE( INDIRECT("'Plate map key'!"&ADDRESS(ROW(),TRUNC('Well calls each plate'!F5)+3)), INDIRECT("'Plate map key'!"&ADDRESS(ROW(),TRUNC('Well calls each plate'!F5)+4))) )} -> 0.15625 | G5: {=IF( MOD('Well calls each plate'!G5,1)=0, INDIRECT("'Plate map key'!"&ADDRESS(ROW(),'Well calls each plate'!G5+3)), AVERAGE( INDIRECT("'Plate map key'!"&ADDRESS(ROW(),TRUNC('Well calls each plate'!G5)+3)), INDIRECT("'Plate map key'!"&ADDRESS(ROW(),TRUNC('Well calls each plate'!G5)+4))) )} -> 0.15625 | H5: {=IF( MOD('Well calls each plate'!H5,1)=0, INDIRECT("'Plate map key'!"&ADDRESS(ROW(),'Well calls each plate'!H5+3)), AVERAGE( INDIRECT("'Plate map key'!"&ADDRESS(ROW(),TRUNC('Well calls each plate'!H5)+3)), INDIRECT("'Plate map key'!"&ADDRESS(ROW(),TRUNC('Well calls each plate'!H5)+4))) )} -> 0.15625 | I5: {=IF( MOD('Well calls each plate'!I5,1)=0, INDIRECT("'Plate map key'!"&ADDRESS(ROW(),'Well calls each plate'!I5+3)), AVERAGE( INDIRECT("'Plate map key'!"&ADDRESS(ROW(),TRUNC('Well calls each plate'!I5)+3)), INDIRECT("'Plate map key'!"&ADDRESS(ROW(),TRUNC('Well calls each plate'!I5)+4))) )} -> 0.0390625 | J5: {=IF( MOD('Well calls each plate'!J5,1)=0, INDIRECT("'Plate map key'!"&ADDRESS(ROW(),'Well calls each plate'!J5+3)), AVERAGE( INDIRECT("'Plate map key'!"&ADDRESS(ROW(),TRUNC('Well calls each plate'!J5)+3)), INDIRECT("'Plate map key'!"&ADDRESS(ROW(),TRUNC('Well calls each plate'!J5)+4))) )} -> 0.0390625 | ... AI5: {=IF( MOD('Well calls each plate'!AI5,1)=0, INDIRECT("'Plate map key'!"&ADDRESS(ROW(),'Well calls each plate'!AI5+3)), AVERAGE( INDIRECT("'Plate map key'!"&ADDRESS(ROW(),TRUNC('Well calls each plate'!AI5)+3)), INDIRECT("'Plate map key'!"&ADDRESS(ROW(),TRUNC('Well calls each plate'!AI5)+4))) )} -> 0.3125
B6: PYR | C6: {=IF( MOD('Well calls each plate'!C6,1)=0, INDIRECT("'Plate map key'!"&ADDRESS(ROW(),'Well calls each plate'!C6+3)), AVERAGE( INDIRECT("'Plate map key'!"&ADDRESS(ROW(),TRUNC('Well calls each plate'!C6)+3)), INDIRECT("'Plate map key'!"&ADDRESS(ROW(),TRUNC('Well calls each plate'!C6)+4))) )} -> 400 | D6: {=IF( MOD('Well calls each plate'!D6,1)=0, INDIRECT("'Plate map key'!"&ADDRESS(ROW(),'Well calls each plate'!D6+3)), AVERAGE( INDIRECT("'Plate map key'!"&ADDRESS(ROW(),TRUNC('Well calls each plate'!D6)+3)), INDIRECT("'Plate map key'!"&ADDRESS(ROW(),TRUNC('Well calls each plate'!D6)+4))) )} -> 400 | E6: {=IF( MOD('Well calls each plate'!E6,1)=0, INDIRECT("'Plate map key'!"&ADDRESS(ROW(),'Well calls each plate'!E6+3)), AVERAGE( INDIRECT("'Plate map key'!"&ADDRESS(ROW(),TRUNC('Well calls each plate'!E6)+3)), INDIRECT("'Plate map key'!"&ADDRESS(ROW(),TRUNC('Well calls each plate'!E6)+4))) )} -> 400 | F6: {=IF( MOD('Well calls each plate'!F6,1)=0, INDIRECT("'Plate map key'!"&ADDRESS(ROW(),'Well calls each plate'!F6+3)), AVERAGE( INDIRECT("'Plate map key'!"&ADDRESS(ROW(),TRUNC('Well calls each plate'!F6)+3)), INDIRECT("'Plate map key'!"&ADDRESS(ROW(),TRUNC('Well calls each plate'!F6)+4))) )} -> 300 | G6: {=IF( MOD('Well calls each plate'!G6,1)=0, INDIRECT("'Plate map key'!"&ADDRESS(ROW(),'Well calls each plate'!G6+3)), AVERAGE( INDIRECT("'Plate map key'!"&ADDRESS(ROW(),TRUNC('Well calls each plate'!G6)+3)), INDIRECT("'Plate map key'!"&ADDRESS(ROW(),TRUNC('Well calls each plate'!G6)+4))) )} -> 400 | H6: {=IF( MOD('Well calls each plate'!H6,1)=0, INDIRECT("'Plate map key'!"&ADDRESS(ROW(),'Well calls each plate'!H6+3)), AVERAGE( INDIRECT("'Plate map key'!"&ADDRESS(ROW(),TRUNC('Well calls each plate'!H6)+3)), INDIRECT("'Plate map key'!"&ADDRESS(ROW(),TRUNC('Well calls each plate'!H6)+4))) )} -> 300 | I6: {=IF( MOD('Well calls each plate'!I6,1)=0, INDIRECT("'Plate map key'!"&ADDRESS(ROW(),'Well calls each plate'!I6+3)), AVERAGE( INDIRECT("'Plate map key'!"&ADDRESS(ROW(),TRUNC('Well calls each plate'!I6)+3)), INDIRECT("'Plate map key'!"&ADDRESS(ROW(),TRUNC('Well calls each plate'!I6)+4))) )} -> 400 | J6: {=IF( MOD('Well calls each plate'!J6,1)=0, INDIRECT("'Plate map key'!"&ADDRESS(ROW(),'Well calls each plate'!J6+3)), AVERAGE( INDIRECT("'Plate map key'!"&ADDRESS(ROW(),TRUNC('Well calls each plate'!J6)+3)), INDIRECT("'Plate map key'!"&ADDRESS(ROW(),TRUNC('Well calls each plate'!J6)+4))) )} -> 400 | ... AI6: {=IF( MOD('Well calls each plate'!AI6,1)=0, INDIRECT("'Plate map key'!"&ADDRESS(ROW(),'Well calls each plate'!AI6+3)), AVERAGE( INDIRECT("'Plate map key'!"&ADDRESS(ROW(),TRUNC('Well calls each plate'!AI6)+3)), INDIRECT("'Plate map key'!"&ADDRESS(ROW(),TRUNC('Well calls each plate'!AI6)+4))) )} -> 400
B7: SD | C7: {=IF( MOD('Well calls each plate'!C7,1)=0, INDIRECT("'Plate map key'!"&ADDRESS(ROW(),'Well calls each plate'!C7+3)), AVERAGE( INDIRECT("'Plate map key'!"&ADDRESS(ROW(),TRUNC('Well calls each plate'!C7)+3)), INDIRECT("'Plate map key'!"&ADDRESS(ROW(),TRUNC('Well calls each plate'!C7)+4))) )} -> 750 | D7: {=IF( MOD('Well calls each plate'!D7,1)=0, INDIRECT("'Plate map key'!"&ADDRESS(ROW(),'Well calls each plate'!D7+3)), AVERAGE( INDIRECT("'Plate map key'!"&ADDRESS(ROW(),TRUNC('Well calls each plate'!D7)+3)), INDIRECT("'Plate map key'!"&ADDRESS(ROW(),TRUNC('Well calls each plate'!D7)+4))) )} -> 750 | E7: {=IF( MOD('Well calls each plate'!E7,1)=0, INDIRECT("'Plate map key'!"&ADDRESS(ROW(),'Well calls each plate'!E7+3)), AVERAGE( INDIRECT("'Plate map key'!"&ADDRESS(ROW(),TRUNC('Well calls each plate'!E7)+3)), INDIRECT("'Plate map key'!"&ADDRESS(ROW(),TRUNC('Well calls each plate'!E7)+4))) )} -> 750 | F7: {=IF( MOD('Well calls each plate'!F7,1)=0, INDIRECT("'Plate map key'!"&ADDRESS(ROW(),'Well calls each plate'!F7+3)), AVERAGE( INDIRECT("'Plate map key'!"&ADDRESS(ROW(),TRUNC('Well calls each plate'!F7)+3)), INDIRECT("'Plate map key'!"&ADDRESS(ROW(),TRUNC('Well calls each plate'!F7)+4))) )} -> 750 | G7: {=IF( MOD('Well calls each plate'!G7,1)=0, INDIRECT("'Plate map key'!"&ADDRESS(ROW(),'Well calls each plate'!G7+3)), AVERAGE( INDIRECT("'Plate map key'!"&ADDRESS(ROW(),TRUNC('Well calls each plate'!G7)+3)), INDIRECT("'Plate map key'!"&ADDRESS(ROW(),TRUNC('Well calls each plate'!G7)+4))) )} -> 750 | H7: {=IF( MOD('Well calls each plate'!H7,1)=0, INDIRECT("'Plate map key'!"&ADDRESS(ROW(),'Well calls each plate'!H7+3)), AVERAGE( INDIRECT("'Plate map key'!"&ADDRESS(ROW(),TRUNC('Well calls each plate'!H7)+3)), INDIRECT("'Plate map key'!"&ADDRESS(ROW(),TRUNC('Well calls each plate'!H7)+4))) )} -> 750 | I7: {=IF( MOD('Well calls each plate'!I7,1)=0, INDIRECT("'Plate map key'!"&ADDRESS(ROW(),'Well calls each plate'!I7+3)), AVERAGE( INDIRECT("'Plate map key'!"&ADDRESS(ROW(),TRUNC('Well calls each plate'!I7)+3)), INDIRECT("'Plate map key'!"&ADDRESS(ROW(),TRUNC('Well calls each plate'!I7)+4))) )} -> 17.578125 | J7: {=IF( MOD('Well calls each plate'!J7,1)=0, INDIRECT("'Plate map key'!"&ADDRESS(ROW(),'Well calls each plate'!J7+3)), AVERAGE( INDIRECT("'Plate map key'!"&ADDRESS(ROW(),TRUNC('Well calls each plate'!J7)+3)), INDIRECT("'Plate map key'!"&ADDRESS(ROW(),TRUNC('Well calls each plate'!J7)+4))) )} -> 17.578125 | ... AI7: {=IF( MOD('Well calls each plate'!AI7,1)=0, INDIRECT("'Plate map key'!"&ADDRESS(ROW(),'Well calls each plate'!AI7+3)), AVERAGE( INDIRECT("'Plate map key'!"&ADDRESS(ROW(),TRUNC('Well calls each plate'!AI7)+3)), INDIRECT("'Plate map key'!"&ADDRESS(ROW(),TRUNC('Well calls each plate'!AI7)+4))) )} -> 750
B8: SPY | C8: {=IF( MOD('Well calls each plate'!C8,1)=0, INDIRECT("'Plate map key'!"&ADDRESS(ROW(),'Well calls each plate'!C8+3)), AVERAGE( INDIRECT("'Plate map key'!"&ADDRESS(ROW(),TRUNC('Well calls each plate'!C8)+3)), INDIRECT("'Plate map key'!"&ADDRESS(ROW(),TRUNC('Well calls each plate'!C8)+4))) )} -> 750 | D8: {=IF( MOD('Well calls each plate'!D8,1)=0, INDIRECT("'Plate map key'!"&ADDRESS(ROW(),'Well calls each plate'!D8+3)), AVERAGE( INDIRECT("'Plate map key'!"&ADDRESS(ROW(),TRUNC('Well calls each plate'!D8)+3)), INDIRECT("'Plate map key'!"&ADDRESS(ROW(),TRUNC('Well calls each plate'!D8)+4))) )} -> 750 | E8: {=IF( MOD('Well calls each plate'!E8,1)=0, INDIRECT("'Plate map key'!"&ADDRESS(ROW(),'Well calls each plate'!E8+3)), AVERAGE( INDIRECT("'Plate map key'!"&ADDRESS(ROW(),TRUNC('Well calls each plate'!E8)+3)), INDIRECT("'Plate map key'!"&ADDRESS(ROW(),TRUNC('Well calls each plate'!E8)+4))) )} -> 750 | F8: {=IF( MOD('Well calls each plate'!F8,1)=0, INDIRECT("'Plate map key'!"&ADDRESS(ROW(),'Well calls each plate'!F8+3)), AVERAGE( INDIRECT("'Plate map key'!"&ADDRESS(ROW(),TRUNC('Well calls each plate'!F8)+3)), INDIRECT("'Plate map key'!"&ADDRESS(ROW(),TRUNC('Well calls each plate'!F8)+4))) )} -> 750 | G8: {=IF( MOD('Well calls each plate'!G8,1)=0, INDIRECT("'Plate map key'!"&ADDRESS(ROW(),'Well calls each plate'!G8+3)), AVERAGE( INDIRECT("'Plate map key'!"&ADDRESS(ROW(),TRUNC('Well calls each plate'!G8)+3)), INDIRECT("'Plate map key'!"&ADDRESS(ROW(),TRUNC('Well calls each plate'!G8)+4))) )} -> 750 | H8: {=IF( MOD('Well calls each plate'!H8,1)=0, INDIRECT("'Plate map key'!"&ADDRESS(ROW(),'Well calls each plate'!H8+3)), AVERAGE( INDIRECT("'Plate map key'!"&ADDRESS(ROW(),TRUNC('Well calls each plate'!H8)+3)), INDIRECT("'Plate map key'!"&ADDRESS(ROW(),TRUNC('Well calls each plate'!H8)+4))) )} -> 750 | I8: {=IF( MOD('Well calls each plate'!I8,1)=0, INDIRECT("'Plate map key'!"&ADDRESS(ROW(),'Well calls each plate'!I8+3)), AVERAGE( INDIRECT("'Plate map key'!"&ADDRESS(ROW(),TRUNC('Well calls each plate'!I8)+3)), INDIRECT("'Plate map key'!"&ADDRESS(ROW(),TRUNC('Well calls each plate'!I8)+4))) )} -> 23.4375 | J8: {=IF( MOD('Well calls each plate'!J8,1)=0, INDIRECT("'Plate map key'!"&ADDRESS(ROW(),'Well calls each plate'!J8+3)), AVERAGE( INDIRECT("'Plate map key'!"&ADDRESS(ROW(),TRUNC('Well calls each plate'!J8)+3)), INDIRECT("'Plate map key'!"&ADDRESS(ROW(),TRUNC('Well calls each plate'!J8)+4))) )} -> 23.4375 | ... AI8: {=IF( MOD('Well calls each plate'!AI8,1)=0, INDIRECT("'Plate map key'!"&ADDRESS(ROW(),'Well calls each plate'!AI8+3)), AVERAGE( INDIRECT("'Plate map key'!"&ADDRESS(ROW(),TRUNC('Well calls each plate'!AI8)+3)), INDIRECT("'Plate map key'!"&ADDRESS(ROW(),TRUNC('Well calls each plate'!AI8)+4))) )} -> 375
B9: SMM | C9: {=IF( MOD('Well calls each plate'!C9,1)=0, INDIRECT("'Plate map key'!"&ADDRESS(ROW(),'Well calls each plate'!C9+3)), AVERAGE( INDIRECT("'Plate map key'!"&ADDRESS(ROW(),TRUNC('Well calls each plate'!C9)+3)), INDIRECT("'Plate map key'!"&ADDRESS(ROW(),TRUNC('Well calls each plate'!C9)+4))) )} -> 500 | D9: {=IF( MOD('Well calls each plate'!D9,1)=0, INDIRECT("'Plate map key'!"&ADDRESS(ROW(),'Well calls each plate'!D9+3)), AVERAGE( INDIRECT("'Plate map key'!"&ADDRESS(ROW(),TRUNC('Well calls each plate'!D9)+3)), INDIRECT("'Plate map key'!"&ADDRESS(ROW(),TRUNC('Well calls each plate'!D9)+4))) )} -> 500 | E9: {=IF( MOD('Well calls each plate'!E9,1)=0, INDIRECT("'Plate map key'!"&ADDRESS(ROW(),'Well calls each plate'!E9+3)), AVERAGE( INDIRECT("'Plate map key'!"&ADDRESS(ROW(),TRUNC('Well calls each plate'!E9)+3)), INDIRECT("'Plate map key'!"&ADDRESS(ROW(),TRUNC('Well calls each plate'!E9)+4))) )} -> 500 | F9: {=IF( MOD('Well calls each plate'!F9,1)=0, INDIRECT("'Plate map key'!"&ADDRESS(ROW(),'Well calls each plate'!F9+3)), AVERAGE( INDIRECT("'Plate map key'!"&ADDRESS(ROW(),TRUNC('Well calls each plate'!F9)+3)), INDIRECT("'Plate map key'!"&ADDRESS(ROW(),TRUNC('Well calls each plate'!F9)+4))) )} -> 375 | G9: {=IF( MOD('Well calls each plate'!G9,1)=0, INDIRECT("'Plate map key'!"&ADDRESS(ROW(),'Well calls each plate'!G9+3)), AVERAGE( INDIRECT("'Plate map key'!"&ADDRESS(ROW(),TRUNC('Well calls each plate'!G9)+3)), INDIRECT("'Plate map key'!"&ADDRESS(ROW(),TRUNC('Well calls each plate'!G9)+4))) )} -> 375 | H9: {=IF( MOD('Well calls each plate'!H9,1)=0, INDIRECT("'Plate map key'!"&ADDRESS(ROW(),'Well calls each plate'!H9+3)), AVERAGE( INDIRECT("'Plate map key'!"&ADDRESS(ROW(),TRUNC('Well calls each plate'!H9)+3)), INDIRECT("'Plate map key'!"&ADDRESS(ROW(),TRUNC('Well calls each plate'!H9)+4))) )} -> 375 | I9: {=IF( MOD('Well calls each plate'!I9,1)=0, INDIRECT("'Plate map key'!"&ADDRESS(ROW(),'Well calls each plate'!I9+3)), AVERAGE( INDIRECT("'Plate map key'!"&ADDRESS(ROW(),TRUNC('Well calls each plate'!I9)+3)), INDIRECT("'Plate map key'!"&ADDRESS(ROW(),TRUNC('Well calls each plate'!I9)+4))) )} -> 3.90625 | J9: {=IF( MOD('Well calls each plate'!J9,1)=0, INDIRECT("'Plate map key'!"&ADDRESS(ROW(),'Well calls each plate'!J9+3)), AVERAGE( INDIRECT("'Plate map key'!"&ADDRESS(ROW(),TRUNC('Well calls each plate'!J9)+3)), INDIRECT("'Plate map key'!"&ADDRESS(ROW(),TRUNC('Well calls each plate'!J9)+4))) )} -> 2.9296875 | ... AI9: {=IF( MOD('Well calls each plate'!AI9,1)=0, INDIRECT("'Plate map key'!"&ADDRESS(ROW(),'Well calls each plate'!AI9+3)), AVERAGE( INDIRECT("'Plate map key'!"&ADDRESS(ROW(),TRUNC('Well calls each plate'!AI9)+3)), INDIRECT("'Plate map key'!"&ADDRESS(ROW(),TRUNC('Well calls each plate'!AI9)+4))) )} -> 125
B13: MGCs calculated by using the calls of full or reduced growth in 'Well calls each plate' to select concentration from 'Plate map key.'

Sheet Well calls each plate
B1: Media | C1: BHI | F1: LB | I1: M9 fruc | L1: M9 glyc | O1: M9 NaHCO3 | R1: M9 no aa | U1: M9 nuc | X1: M9 std | AA1: M9 vit | AD1: M9 vit nuc | AG1: RPMI
B2: Plate | C2: 1 | D2: 2 | E2: 3 | F2: 1 | G2: 2 | H2: 3 | I2: 1 | J2: 2 | K2: 3 | L2: 1 | M2: 2 | N2: 3 | O2: 1 | P2: 2 | Q2: 3 | R2: 1 | S2: 2 | T2: 3 | U2: 1 | V2: 2 | W2: 3 | X2: 1 | Y2: 2 | Z2: 3 | AA2: 1 | AB2: 2 | AC2: 3 | AD2: 1 | AE2: 2 | AF2: 3 | AG2: 1 | AH2: 2 | AI2: 3
B3: SMX | C3: 1 | D3: 1 | E3: 1 | F3: 4.5 | G3: 4.5 | H3: 4.5 | I3: 9.5 | J3: 9.5 | K3: 9.5 | L3: 8.5 | M3: 9.5 | N3: 9.5 | O3: 9 | P3: 9 | Q3: 9 | R3: 13 | S3: 13 | T3: 13 | U3: 10 | V3: 10 | W3: 10.5 | X3: 9.5 | Y3: 9.5 | Z3: 9.5 | AA3: 7.5 | AB3: 7.5 | AD3: 1 | AE3: 1 | AF3: 1 | AG3: 3 | AH3: 3 | AI3: 3
B4: TMP | C4: 7 | D4: 6.5 | E4: 6.5 | F4: 7 | G4: 7 | H4: 7 | I4: 4.5 | L4: 4.5 | M4: 5.5 | N4: 6 | O4: 5 | P4: 5 | Q4: 5 | R4: 7 | S4: 7 | T4: 7 | U4: 7 | V4: 7 | W4: 7 | X4: 5.5 | Y4: 5.5 | Z4: 5.5 | AA4: 5 | AB4: 5 | AD4: 7 | AE4: 7 | AF4: 7 | AG4: 6 | AH4: 6 | AI4: 6
B5: SMX/TMP | C5: 5 | D5: 5 | E5: 5 | F5: 6 | G5: 6 | H5: 6 | I5: 8 | J5: 8 | K5: 8 | L5: 6.5 | M5: 7.5 | N5: 7 | O5: 7 | P5: 7 | Q5: 7.5 | R5: 10 | S5: 10 | T5: 10 | U5: 9 | V5: 9 | W5: 9 | X5: 8 | Y5: 8 | Z5: 8 | AA5: 7 | AB5: 7 | AD5: 7 | AE5: 7 | AF5: 7 | AG5: 5 | AH5: 5 | AI5: 5
B6: PYR | C6: 1 | D6: 1 | E6: 1 | F6: 1.5 | G6: 1 | H6: 1.5 | I6: 1 | J6: 1 | K6: 1 | L6: 1 | M6: 1 | N6: 1 | O6: 1 | P6: 1 | Q6: 1 | R6: 1 | S6: 1 | T6: 1 | U6: 1 | V6: 1 | W6: 1 | X6: 1 | Y6: 1 | Z6: 1 | AA6: 1 | AB6: 1 | AD6: 1 | AE6: 1 | AF6: 1 | AG6: 1 | AH6: 1 | AI6: 1
B7: SD | C7: 1 | D7: 1 | E7: 1 | F7: 1 | G7: 1 | H7: 1 | I7: 6.5 | J7: 6.5 | K7: 6.5 | L7: 6.5 | M7: 8 | N7: 7.5 | O7: 7 | P7: 7 | Q7: 7 | R7: 11.5 | S7: 11 | T7: 10.5 | U7: 8 | V7: 8 | W7: 8 | X7: 7 | Y7: 7 | Z7: 7 | AA7: 5.5 | AB7: 4.5 | AD7: 1 | AE7: 1 | AF7: 1 | AG7: 1 | AH7: 1 | AI7: 1
B8: SPY | C8: 1 | D8: 1 | E8: 1 | F8: 1 | G8: 1 | H8: 1 | I8: 6 | J8: 6 | K8: 6 | L8: 5.5 | M8: 6.5 | N8: 6.5 | O8: 8 | P8: 8 | Q8: 8 | R8: 9.5 | S8: 10 | T8: 9 | U8: 7 | V8: 7 | W8: 7 | X8: 6.5 | Y8: 6.5 | Z8: 6.5 | AA8: 3.5 | AB8: 3.5 | AD8: 1 | AE8: 1 | AF8: 1 | AG8: 2 | AH8: 2 | AI8: 2
B9: SMM | C9: 1 | D9: 1 | E9: 1 | F9: 1.5 | G9: 1.5 | H9: 1.5 | I9: 8 | J9: 8.5 | K9: 8.5 | L9: 8.5 | M9: 9.5 | N9: 9.5 | O9: 8.5 | P9: 8.5 | Q9: 8.5 | R9: 12.5 | S9: 12.5 | T9: 12.5 | U9: 9.5 | V9: 10 | W9: 10 | X9: 8 | Y9: 8 | Z9: 8 | AA9: 6.5 | AB9: 5.5 | AD9: 1.5 | AE9: 1.5 | AF9: 2.5 | AG9: 3 | AH9: 3 | AI9: 3
B11: Values represent which row of the plate was last called to contain 'full growth' using neural network pipeline with manual adjustments as needed. See representation of these values in PowerPoint MGCRecordPlates.pptx.
B12: A value with .5 added indicates the call should be made between rows. For example, a call of 4.5 represents an MGC being averaged between row 4 and row 5 of the drug concentration plate.

Sheet Plate map key
D2: 1 | E2: 2 | F2: 3 | G2: 4 | H2: 5 | I2: 6 | J2: 7 | K2: 8 | L2: 9 | M2: 10 | N2: 11 | O2: 12 | P2: pseudo-13 (no growth)
B3: SMX | C3: A | D3: 1000 | E3: =D3/2 -> 500 | F3: =E3/2 -> 250 | G3: =F3/2 -> 125 | H3: =G3/2 -> 62.5 | I3: =H3/2 -> 31.25 | J3: =I3/2 -> 15.625 | K3: =J3/2 -> 7.8125 | L3: =K3/2 -> 3.90625 | ... P3: =O3/2 -> 0.24414062
B4: TMP | C4: B | D4: 30 | E4: =D4/2 -> 15 | F4: =E4/2 -> 7.5 | G4: =F4/2 -> 3.75 | H4: =G4/2 -> 1.875 | I4: =H4/2 -> 0.9375 | J4: =I4/2 -> 0.46875 | K4: =J4/2 -> 0.234375 | L4: =K4/2 -> 0.1171875 | ... P4: =O4/2 -> 0.0073242188
B5: TMP/SMX | C5: C | D5: 5 | E5: =D5/2 -> 2.5 | F5: =E5/2 -> 1.25 | G5: =F5/2 -> 0.625 | H5: =G5/2 -> 0.3125 | I5: =H5/2 -> 0.15625 | J5: =I5/2 -> 0.078125 | K5: =J5/2 -> 0.0390625 | L5: =K5/2 -> 0.01953125 | ... P5: =O5/2 -> 0.0012207031
B6: PYR | C6: D | D6: 400 | E6: =D6/2 -> 200 | F6: =E6/2 -> 100 | G6: =F6/2 -> 50 | H6: =G6/2 -> 25 | I6: =H6/2 -> 12.5 | J6: =I6/2 -> 6.25 | K6: =J6/2 -> 3.125 | L6: =K6/2 -> 1.5625 | ... P6: =O6/2 -> 0.09765625
B7: SD | C7: E | D7: 750 | E7: =D7/2 -> 375 | F7: =E7/2 -> 187.5 | G7: =F7/2 -> 93.75 | H7: =G7/2 -> 46.875 | I7: =H7/2 -> 23.4375 | J7: =I7/2 -> 11.71875 | K7: =J7/2 -> 5.859375 | L7: =K7/2 -> 2.9296875 | ... P7: =O7/2 -> 0.18310547
B8: SPY | C8: F | D8: 750 | E8: =D8/2 -> 375 | F8: =E8/2 -> 187.5 | G8: =F8/2 -> 93.75 | H8: =G8/2 -> 46.875 | I8: =H8/2 -> 23.4375 | J8: =I8/2 -> 11.71875 | K8: =J8/2 -> 5.859375 | L8: =K8/2 -> 2.9296875 | ... P8: =O8/2 -> 0.18310547
B9: SMM | C9: G | D9: 500 | E9: =D9/2 -> 250 | F9: =E9/2 -> 125 | G9: =F9/2 -> 62.5 | H9: =G9/2 -> 31.25 | I9: =H9/2 -> 15.625 | J9: =I9/2 -> 7.8125 | K9: =J9/2 -> 3.90625 | L9: =K9/2 -> 1.953125 | ... P9: =O9/2 -> 0.12207031
B10: controls | C10: H | D10: no drug controls | J10: no bac controls
B13: Plate map represents drug concentrations used in all plates of screen. Concentrations below the lowest used in column 12 are shown here to calculate MGCs where no growth was seen at any concentration.
B15: For TMP/SMX, showing TMP value only so math can be calculated across sheets.
B16: Concentrations for both TMP and SMX for reference:
B17: 5/100 | C17: 2.5/50 | D17: 1.25/25 | E17: 0.625/12.5 | F17: 0.313/6.25 | G17: 0.156/3.125 | H17: 0.08/1.56 | I17: 0.04/0.8 | J17: 0.02/0.4 | K17: 0.01/0.2 | L17: 0.005/0.1 | M17: 0.002/0.05
